Country,Year,Survey,Age,Single.Person_EDHIW,Head.or.Spouse_EDHIW
Australia,2001,AU2001,14 and Under,0,0
Australia,2001,AU2001,15 to 19 years,0,19397
Australia,2001,AU2001,20 to 24 years,20812,22347
Australia,2001,AU2001,25 to 29 years,23940,25873
Australia,2001,AU2001,30 to 34 years,25709,22120
Australia,2001,AU2001,35 to 39 years,23215,20494
Australia,2001,AU2001,40 to 44 years,23804,23542
Australia,2001,AU2001,45 to 49 years,21673,26739
Australia,2001,AU2001,50 to 54 years,16686,27137
Australia,2001,AU2001,55 to 59 years,10338,23725
Australia,2001,AU2001,60 to 64 years,11109,18148
Australia,2001,AU2001,65 to 69 years,10066,14372
Australia,2001,AU2001,70 to 74 years,10202,13241
Australia,2001,AU2001,75 to 79 years,10066,14203
Australia,2001,AU2001,80 years and over,0,0
Australia,2003,AU2003,14 and Under,0,0
Australia,2003,AU2003,15 to 19 years,0,18263
Australia,2003,AU2003,20 to 24 years,18889,22927
Australia,2003,AU2003,25 to 29 years,23387,25441
Australia,2003,AU2003,30 to 34 years,25871,22715
Australia,2003,AU2003,35 to 39 years,23130,20924
Australia,2003,AU2003,40 to 44 years,25100,22627
Australia,2003,AU2003,45 to 49 years,20388,27563
Australia,2003,AU2003,50 to 54 years,19575,28833
Australia,2003,AU2003,55 to 59 years,13064,24957
Australia,2003,AU2003,60 to 64 years,11094,18819
Australia,2003,AU2003,65 to 69 years,11479,15325
Australia,2003,AU2003,70 to 74 years,10580,13993
Australia,2003,AU2003,75 to 79 years,10451,14144
Australia,2003,AU2003,80 years and over,0,0
Australia,2008,AU2008,14 and Under,0,0
Australia,2008,AU2008,15 to 19 years,0,29961
Australia,2008,AU2008,20 to 24 years,22403,33445
Australia,2008,AU2008,25 to 29 years,30965,35274
Australia,2008,AU2008,30 to 34 years,30759,30372
Australia,2008,AU2008,35 to 39 years,35563,30777
Australia,2008,AU2008,40 to 44 years,29723,31460
Australia,2008,AU2008,45 to 49 years,26173,34416
Australia,2008,AU2008,50 to 54 years,25183,36601
Australia,2008,AU2008,55 to 59 years,23881,32751
Australia,2008,AU2008,60 to 64 years,16440,25774
Australia,2008,AU2008,65 to 69 years,13999,20306
Australia,2008,AU2008,70 to 74 years,11365,18816
Australia,2008,AU2008,75 to 79 years,13076,16515
Australia,2008,AU2008,80 years and over,11819,16855
Australia,2010,AU2010,14 and Under,0,0
Australia,2010,AU2010,15 to 19 years,0,25683
Australia,2010,AU2010,20 to 24 years,22872,32008
Australia,2010,AU2010,25 to 29 years,30418,36037
Australia,2010,AU2010,30 to 34 years,35183,32569
Australia,2010,AU2010,35 to 39 years,34081,29527
Australia,2010,AU2010,40 to 44 years,28120,29580
Australia,2010,AU2010,45 to 49 years,24508,34140
Australia,2010,AU2010,50 to 54 years,24862,36019
Australia,2010,AU2010,55 to 59 years,21505,34222
Australia,2010,AU2010,60 to 64 years,15182,27679
Australia,2010,AU2010,65 to 69 years,14770,20727
Australia,2010,AU2010,70 to 74 years,14194,17694
Australia,2010,AU2010,75 to 79 years,13453,16072
Australia,2010,AU2010,80 years and over,12782,17495
Australia,1985,AU1985,14 and Under,0,0
Australia,1985,AU1985,15 to 19 years,12339,17571
Australia,1985,AU1985,20 to 24 years,19852,20573
Australia,1985,AU1985,25 to 29 years,25657,21305
Australia,1985,AU1985,30 to 34 years,27647,19840
Australia,1985,AU1985,35 to 39 years,28974,20524
Australia,1985,AU1985,40 to 44 years,26204,23126
Australia,1985,AU1985,45 to 49 years,23268,25134
Australia,1985,AU1985,50 to 54 years,21212,26609
Australia,1985,AU1985,55 to 59 years,17182,23549
Australia,1985,AU1985,60 to 64 years,9868,17814
Australia,1985,AU1985,65 to 69 years,9719,13287
Australia,1985,AU1985,70 to 74 years,9520,12243
Australia,1985,AU1985,75 to 79 years,9404,12841
Australia,1985,AU1985,80 years and over,0,0
Australia,1989,AU1989,14 and Under,0,0
Australia,1989,AU1989,15 to 19 years,12621,17816
Australia,1989,AU1989,20 to 24 years,19335,24816
Australia,1989,AU1989,25 to 29 years,24162,22983
Australia,1989,AU1989,30 to 34 years,25550,19577
Australia,1989,AU1989,35 to 39 years,27900,20397
Australia,1989,AU1989,40 to 44 years,24839,23186
Australia,1989,AU1989,45 to 49 years,22749,26611
Australia,1989,AU1989,50 to 54 years,20161,26582
Australia,1989,AU1989,55 to 59 years,11335,23472
Australia,1989,AU1989,60 to 64 years,10703,18335
Australia,1989,AU1989,65 to 69 years,9940,14181
Australia,1989,AU1989,70 to 74 years,10112,13318
Australia,1989,AU1989,75 to 79 years,9528,13093
Australia,1989,AU1989,80 years and over,0,0
Australia,1995,AU1995,14 and Under,0,0
Australia,1995,AU1995,15 to 19 years,0,11962
Australia,1995,AU1995,20 to 24 years,16344,21568
Australia,1995,AU1995,25 to 29 years,21080,21968
Australia,1995,AU1995,30 to 34 years,22590,18504
Australia,1995,AU1995,35 to 39 years,19363,18192
Australia,1995,AU1995,40 to 44 years,24516,21106
Australia,1995,AU1995,45 to 49 years,19363,24161
Australia,1995,AU1995,50 to 54 years,16604,24907
Australia,1995,AU1995,55 to 59 years,10098,20465
Australia,1995,AU1995,60 to 64 years,9005,14648
Australia,1995,AU1995,65 to 69 years,9317,13728
Australia,1995,AU1995,70 to 74 years,9369,12882
Australia,1995,AU1995,75 to 79 years,8953,12109
Australia,1995,AU1995,80 years and over,0,0
Canada,2000,CA2000,14 and Under,0,0
Canada,2000,CA2000,15 to 19 years,5086,14189
Canada,2000,CA2000,20 to 24 years,11442,18582
Canada,2000,CA2000,25 to 29 years,21017,23873
Canada,2000,CA2000,30 to 34 years,22215,25030
Canada,2000,CA2000,35 to 39 years,23012,25127
Canada,2000,CA2000,40 to 44 years,20855,26832
Canada,2000,CA2000,45 to 49 years,19599,29682
Canada,2000,CA2000,50 to 54 years,17017,31875
Canada,2000,CA2000,55 to 59 years,14650,30117
Canada,2000,CA2000,60 to 64 years,11477,24342
Canada,2000,CA2000,65 to 69 years,16323,24031
Canada,2000,CA2000,70 to 74 years,16846,21811
Canada,2000,CA2000,75 to 79 years,16269,22931
Canada,2000,CA2000,80 years and over,15623,20822
Canada,2004,CA2004,14 and Under,0,0
Canada,2004,CA2004,15 to 19 years,6907,14573
Canada,2004,CA2004,20 to 24 years,12161,18632
Canada,2004,CA2004,25 to 29 years,21767,26783
Canada,2004,CA2004,30 to 34 years,24915,27480
Canada,2004,CA2004,35 to 39 years,24375,26164
Canada,2004,CA2004,40 to 44 years,21669,28593
Canada,2004,CA2004,45 to 49 years,20561,31733
Canada,2004,CA2004,50 to 54 years,20235,33428
Canada,2004,CA2004,55 to 59 years,15788,31277
Canada,2004,CA2004,60 to 64 years,15031,28318
Canada,2004,CA2004,65 to 69 years,17030,24859
Canada,2004,CA2004,70 to 74 years,17593,24893
Canada,2004,CA2004,75 to 79 years,18043,23157
Canada,2004,CA2004,80 years and over,16844,22690
Canada,2007,CA2007,14 and Under,0,0
Canada,2007,CA2007,15 to 19 years,5867,18266
Canada,2007,CA2007,20 to 24 years,12466,21087
Canada,2007,CA2007,25 to 29 years,21986,27219
Canada,2007,CA2007,30 to 34 years,29468,28548
Canada,2007,CA2007,35 to 39 years,26489,29159
Canada,2007,CA2007,40 to 44 years,21513,30216
Canada,2007,CA2007,45 to 49 years,23409,33036
Canada,2007,CA2007,50 to 54 years,21969,37120
Canada,2007,CA2007,55 to 59 years,20094,35501
Canada,2007,CA2007,60 to 64 years,17345,31267
Canada,2007,CA2007,65 to 69 years,18475,28892
Canada,2007,CA2007,70 to 74 years,18601,26157
Canada,2007,CA2007,75 to 79 years,19032,26556
Canada,2007,CA2007,80 years and over,17638,25216
Canada,2010,CA2010,14 and Under,0,0
Canada,2010,CA2010,15 to 19 years,6107,19285
Canada,2010,CA2010,20 to 24 years,15441,21480
Canada,2010,CA2010,25 to 29 years,23045,27875
Canada,2010,CA2010,30 to 34 years,25664,31466
Canada,2010,CA2010,35 to 39 years,30709,29958
Canada,2010,CA2010,40 to 44 years,27086,31464
Canada,2010,CA2010,45 to 49 years,23606,33995
Canada,2010,CA2010,50 to 54 years,20270,36267
Canada,2010,CA2010,55 to 59 years,19762,36227
Canada,2010,CA2010,60 to 64 years,17263,31262
Canada,2010,CA2010,65 to 69 years,20550,27715
Canada,2010,CA2010,70 to 74 years,19918,26469
Canada,2010,CA2010,75 to 79 years,17299,25586
Canada,2010,CA2010,80 years and over,18180,24988
Canada,1987,CA1987,14 and Under,0,0
Canada,1987,CA1987,15 to 19 years,0,15479
Canada,1987,CA1987,20 to 24 years,15640,21588
Canada,1987,CA1987,25 to 29 years,24495,24131
Canada,1987,CA1987,30 to 34 years,25421,24421
Canada,1987,CA1987,35 to 39 years,31524,25308
Canada,1987,CA1987,40 to 44 years,25489,27860
Canada,1987,CA1987,45 to 49 years,28091,29910
Canada,1987,CA1987,50 to 54 years,23091,29360
Canada,1987,CA1987,55 to 59 years,16225,29283
Canada,1987,CA1987,60 to 64 years,14904,25229
Canada,1987,CA1987,65 to 69 years,16157,22212
Canada,1987,CA1987,70 to 74 years,14945,19411
Canada,1987,CA1987,75 to 79 years,13555,18611
Canada,1987,CA1987,80 years and over,14359,16868
Canada,1991,CA1991,14 and Under,0,0
Canada,1991,CA1991,15 to 19 years,8193,11526
Canada,1991,CA1991,20 to 24 years,15558,20395
Canada,1991,CA1991,25 to 29 years,22252,24191
Canada,1991,CA1991,30 to 34 years,23919,23383
Canada,1991,CA1991,35 to 39 years,24530,25037
Canada,1991,CA1991,40 to 44 years,29271,26616
Canada,1991,CA1991,45 to 49 years,26376,30190
Canada,1991,CA1991,50 to 54 years,21462,31067
Canada,1991,CA1991,55 to 59 years,22377,29360
Canada,1991,CA1991,60 to 64 years,14892,24201
Canada,1991,CA1991,65 to 69 years,15911,22453
Canada,1991,CA1991,70 to 74 years,15964,20721
Canada,1991,CA1991,75 to 79 years,15560,19999
Canada,1991,CA1991,80 years and over,14368,18939
Canada,1994,CA1994,14 and Under,0,0
Canada,1994,CA1994,15 to 19 years,6531,12410
Canada,1994,CA1994,20 to 24 years,13582,19159
Canada,1994,CA1994,25 to 29 years,20089,24893
Canada,1994,CA1994,30 to 34 years,25455,24626
Canada,1994,CA1994,35 to 39 years,26102,24549
Canada,1994,CA1994,40 to 44 years,24844,27156
Canada,1994,CA1994,45 to 49 years,23605,30351
Canada,1994,CA1994,50 to 54 years,24456,31506
Canada,1994,CA1994,55 to 59 years,16283,28567
Canada,1994,CA1994,60 to 64 years,15494,24086
Canada,1994,CA1994,65 to 69 years,16171,23060
Canada,1994,CA1994,70 to 74 years,15716,22107
Canada,1994,CA1994,75 to 79 years,15717,20224
Canada,1994,CA1994,80 years and over,15022,18528
Canada,1997,CA1997,14 and Under,0,0
Canada,1997,CA1997,15 to 19 years,6458,12730
Canada,1997,CA1997,20 to 24 years,13483,19364
Canada,1997,CA1997,25 to 29 years,19519,24742
Canada,1997,CA1997,30 to 34 years,23887,24736
Canada,1997,CA1997,35 to 39 years,24350,24251
Canada,1997,CA1997,40 to 44 years,25244,26733
Canada,1997,CA1997,45 to 49 years,24289,29303
Canada,1997,CA1997,50 to 54 years,20653,31304
Canada,1997,CA1997,55 to 59 years,17149,28100
Canada,1997,CA1997,60 to 64 years,14084,24077
Canada,1997,CA1997,65 to 69 years,15459,22534
Canada,1997,CA1997,70 to 74 years,15504,21985
Canada,1997,CA1997,75 to 79 years,15579,22294
Canada,1997,CA1997,80 years and over,15210,19644
Canada,1998,CA1998,14 and Under,0,0
Canada,1998,CA1998,15 to 19 years,7128,11416
Canada,1998,CA1998,20 to 24 years,9402,17681
Canada,1998,CA1998,25 to 29 years,19904,24163
Canada,1998,CA1998,30 to 34 years,23062,25225
Canada,1998,CA1998,35 to 39 years,24232,25560
Canada,1998,CA1998,40 to 44 years,19990,27238
Canada,1998,CA1998,45 to 49 years,18146,30770
Canada,1998,CA1998,50 to 54 years,16843,32477
Canada,1998,CA1998,55 to 59 years,14594,28420
Canada,1998,CA1998,60 to 64 years,12070,24173
Canada,1998,CA1998,65 to 69 years,16306,22323
Canada,1998,CA1998,70 to 74 years,16183,21846
Canada,1998,CA1998,75 to 79 years,15999,21647
Canada,1998,CA1998,80 years and over,14804,19288
Germany,2000,DE2000,14 and Under,0,0
Germany,2000,DE2000,15 to 19 years,0,0
Germany,2000,DE2000,20 to 24 years,12565,19747
Germany,2000,DE2000,25 to 29 years,20237,22629
Germany,2000,DE2000,30 to 34 years,24015,25059
Germany,2000,DE2000,35 to 39 years,27650,25716
Germany,2000,DE2000,40 to 44 years,25628,28090
Germany,2000,DE2000,45 to 49 years,26403,30194
Germany,2000,DE2000,50 to 54 years,25011,31983
Germany,2000,DE2000,55 to 59 years,23674,31265
Germany,2000,DE2000,60 to 64 years,20287,27352
Germany,2000,DE2000,65 to 69 years,20177,24447
Germany,2000,DE2000,70 to 74 years,18654,23449
Germany,2000,DE2000,75 to 79 years,18052,23804
Germany,2000,DE2000,80 years and over,18982,24768
Germany,2004,DE2004,14 and Under,0,0
Germany,2004,DE2004,15 to 19 years,0,0
Germany,2004,DE2004,20 to 24 years,12161,18474
Germany,2004,DE2004,25 to 29 years,17529,21901
Germany,2004,DE2004,30 to 34 years,27057,25403
Germany,2004,DE2004,35 to 39 years,26635,25833
Germany,2004,DE2004,40 to 44 years,27260,26813
Germany,2004,DE2004,45 to 49 years,24123,30031
Germany,2004,DE2004,50 to 54 years,25318,31652
Germany,2004,DE2004,55 to 59 years,23447,31575
Germany,2004,DE2004,60 to 64 years,22004,28001
Germany,2004,DE2004,65 to 69 years,20559,24999
Germany,2004,DE2004,70 to 74 years,19778,23412
Germany,2004,DE2004,75 to 79 years,19464,22985
Germany,2004,DE2004,80 years and over,19266,24172
Germany,2007,DE2007,14 and Under,0,0
Germany,2007,DE2007,15 to 19 years,0,0
Germany,2007,DE2007,20 to 24 years,11745,18339
Germany,2007,DE2007,25 to 29 years,18787,22686
Germany,2007,DE2007,30 to 34 years,24740,24949
Germany,2007,DE2007,35 to 39 years,26721,25803
Germany,2007,DE2007,40 to 44 years,27677,27082
Germany,2007,DE2007,45 to 49 years,24800,29515
Germany,2007,DE2007,50 to 54 years,24747,31647
Germany,2007,DE2007,55 to 59 years,20672,30615
Germany,2007,DE2007,60 to 64 years,22639,27892
Germany,2007,DE2007,65 to 69 years,19591,24076
Germany,2007,DE2007,70 to 74 years,19397,22628
Germany,2007,DE2007,75 to 79 years,18185,20300
Germany,2007,DE2007,80 years and over,19353,24279
Germany,2010,DE2010,14 and Under,0,0
Germany,2010,DE2010,15 to 19 years,0,0
Germany,2010,DE2010,20 to 24 years,12687,17473
Germany,2010,DE2010,25 to 29 years,17990,23530
Germany,2010,DE2010,30 to 34 years,22632,26332
Germany,2010,DE2010,35 to 39 years,26888,25879
Germany,2010,DE2010,40 to 44 years,24791,28740
Germany,2010,DE2010,45 to 49 years,24927,31005
Germany,2010,DE2010,50 to 54 years,23445,31549
Germany,2010,DE2010,55 to 59 years,20243,30729
Germany,2010,DE2010,60 to 64 years,19515,27632
Germany,2010,DE2010,65 to 69 years,21300,24492
Germany,2010,DE2010,70 to 74 years,18805,23113
Germany,2010,DE2010,75 to 79 years,17461,22065
Germany,2010,DE2010,80 years and over,18151,22246
Germany,1978,DE1978,14 and Under,0,0
Germany,1978,DE1978,15 to 19 years,0,0
Germany,1978,DE1978,20 to 24 years,17608,25078
Germany,1978,DE1978,25 to 29 years,22991,26897
Germany,1978,DE1978,30 to 34 years,29425,27769
Germany,1978,DE1978,35 to 39 years,30358,27981
Germany,1978,DE1978,40 to 44 years,30266,27390
Germany,1978,DE1978,45 to 49 years,27718,28235
Germany,1978,DE1978,50 to 54 years,26471,29432
Germany,1978,DE1978,55 to 59 years,24186,28049
Germany,1978,DE1978,60 to 64 years,18803,25393
Germany,1978,DE1978,65 to 69 years,16702,22749
Germany,1978,DE1978,70 to 74 years,16584,20575
Germany,1978,DE1978,75 to 79 years,17004,20343
Germany,1978,DE1978,80 years and over,15310,19730
Germany,1981,DE1981,14 and Under,0,0
Germany,1981,DE1981,15 to 19 years,0,0
Germany,1981,DE1981,20 to 24 years,0,23762
Germany,1981,DE1981,25 to 29 years,23967,22394
Germany,1981,DE1981,30 to 34 years,25069,21172
Germany,1981,DE1981,35 to 39 years,0,23103
Germany,1981,DE1981,40 to 44 years,0,23168
Germany,1981,DE1981,45 to 49 years,0,24596
Germany,1981,DE1981,50 to 54 years,0,25941
Germany,1981,DE1981,55 to 59 years,20188,25142
Germany,1981,DE1981,60 to 64 years,17995,22784
Germany,1981,DE1981,65 to 69 years,16870,20252
Germany,1981,DE1981,70 to 74 years,15093,18426
Germany,1981,DE1981,75 to 79 years,13710,16700
Germany,1981,DE1981,80 years and over,16195,16557
Germany,1983,DE1983,14 and Under,0,0
Germany,1983,DE1983,15 to 19 years,15970,14874
Germany,1983,DE1983,20 to 24 years,19691,23696
Germany,1983,DE1983,25 to 29 years,21913,25243
Germany,1983,DE1983,30 to 34 years,25066,26974
Germany,1983,DE1983,35 to 39 years,28528,28864
Germany,1983,DE1983,40 to 44 years,28063,29561
Germany,1983,DE1983,45 to 49 years,26771,29272
Germany,1983,DE1983,50 to 54 years,24394,28761
Germany,1983,DE1983,55 to 59 years,23670,27591
Germany,1983,DE1983,60 to 64 years,20673,25983
Germany,1983,DE1983,65 to 69 years,17572,22365
Germany,1983,DE1983,70 to 74 years,0,0
Germany,1983,DE1983,75 to 79 years,0,0
Germany,1983,DE1983,80 years and over,0,0
Germany,1984,DE1984,14 and Under,0,0
Germany,1984,DE1984,15 to 19 years,0,0
Germany,1984,DE1984,20 to 24 years,13703,18066
Germany,1984,DE1984,25 to 29 years,19531,20897
Germany,1984,DE1984,30 to 34 years,24782,21658
Germany,1984,DE1984,35 to 39 years,25934,21883
Germany,1984,DE1984,40 to 44 years,27067,24620
Germany,1984,DE1984,45 to 49 years,24276,24489
Germany,1984,DE1984,50 to 54 years,22575,25077
Germany,1984,DE1984,55 to 59 years,16952,24856
Germany,1984,DE1984,60 to 64 years,15632,22253
Germany,1984,DE1984,65 to 69 years,15529,19862
Germany,1984,DE1984,70 to 74 years,15042,18238
Germany,1984,DE1984,75 to 79 years,15826,17333
Germany,1984,DE1984,80 years and over,12895,18622
Germany,1989,DE1989,14 and Under,0,0
Germany,1989,DE1989,15 to 19 years,0,0
Germany,1989,DE1989,20 to 24 years,13781,23434
Germany,1989,DE1989,25 to 29 years,21869,24527
Germany,1989,DE1989,30 to 34 years,26515,23837
Germany,1989,DE1989,35 to 39 years,27128,24311
Germany,1989,DE1989,40 to 44 years,27316,27409
Germany,1989,DE1989,45 to 49 years,27429,30242
Germany,1989,DE1989,50 to 54 years,24318,29797
Germany,1989,DE1989,55 to 59 years,21504,28527
Germany,1989,DE1989,60 to 64 years,18517,24838
Germany,1989,DE1989,65 to 69 years,19614,22755
Germany,1989,DE1989,70 to 74 years,17501,21426
Germany,1989,DE1989,75 to 79 years,16968,20325
Germany,1989,DE1989,80 years and over,17070,22555
Germany,1994,DE1994,14 and Under,0,0
Germany,1994,DE1994,15 to 19 years,0,0
Germany,1994,DE1994,20 to 24 years,13979,20535
Germany,1994,DE1994,25 to 29 years,20219,24210
Germany,1994,DE1994,30 to 34 years,24239,23073
Germany,1994,DE1994,35 to 39 years,28707,23880
Germany,1994,DE1994,40 to 44 years,22987,26424
Germany,1994,DE1994,45 to 49 years,28010,29628
Germany,1994,DE1994,50 to 54 years,26285,29253
Germany,1994,DE1994,55 to 59 years,22292,28036
Germany,1994,DE1994,60 to 64 years,16285,22867
Germany,1994,DE1994,65 to 69 years,18403,23618
Germany,1994,DE1994,70 to 74 years,18177,22800
Germany,1994,DE1994,75 to 79 years,18053,22620
Germany,1994,DE1994,80 years and over,16710,19745
Spain,2000,ES2000,14 and Under,0,0
Spain,2000,ES2000,15 to 19 years,0,0
Spain,2000,ES2000,20 to 24 years,0,17961
Spain,2000,ES2000,25 to 29 years,22026,19842
Spain,2000,ES2000,30 to 34 years,21668,20741
Spain,2000,ES2000,35 to 39 years,32771,18411
Spain,2000,ES2000,40 to 44 years,30660,19760
Spain,2000,ES2000,45 to 49 years,0,23145
Spain,2000,ES2000,50 to 54 years,0,23403
Spain,2000,ES2000,55 to 59 years,16475,22974
Spain,2000,ES2000,60 to 64 years,11144,18708
Spain,2000,ES2000,65 to 69 years,10438,16757
Spain,2000,ES2000,70 to 74 years,10284,14697
Spain,2000,ES2000,75 to 79 years,9788,14281
Spain,2000,ES2000,80 years and over,9395,15045
Spain,2004,ES2004,14 and Under,0,0
Spain,2004,ES2004,15 to 19 years,0,0
Spain,2004,ES2004,20 to 24 years,0,16406
Spain,2004,ES2004,25 to 29 years,19444,21882
Spain,2004,ES2004,30 to 34 years,20714,22796
Spain,2004,ES2004,35 to 39 years,24765,18642
Spain,2004,ES2004,40 to 44 years,22191,18409
Spain,2004,ES2004,45 to 49 years,22197,21744
Spain,2004,ES2004,50 to 54 years,13611,23002
Spain,2004,ES2004,55 to 59 years,15250,22323
Spain,2004,ES2004,60 to 64 years,12333,19114
Spain,2004,ES2004,65 to 69 years,10802,16578
Spain,2004,ES2004,70 to 74 years,11111,15185
Spain,2004,ES2004,75 to 79 years,9785,13388
Spain,2004,ES2004,80 years and over,0,0
Spain,2007,ES2007,14 and Under,0,0
Spain,2007,ES2007,15 to 19 years,0,0
Spain,2007,ES2007,20 to 24 years,0,18751
Spain,2007,ES2007,25 to 29 years,20064,24155
Spain,2007,ES2007,30 to 34 years,23572,24059
Spain,2007,ES2007,35 to 39 years,23572,21695
Spain,2007,ES2007,40 to 44 years,23687,20604
Spain,2007,ES2007,45 to 49 years,20569,22660
Spain,2007,ES2007,50 to 54 years,22730,24302
Spain,2007,ES2007,55 to 59 years,17022,24645
Spain,2007,ES2007,60 to 64 years,15831,21918
Spain,2007,ES2007,65 to 69 years,14620,19607
Spain,2007,ES2007,70 to 74 years,12965,16767
Spain,2007,ES2007,75 to 79 years,11786,15015
Spain,2007,ES2007,80 years and over,11225,14789
Spain,2010,ES2010,14 and Under,0,0
Spain,2010,ES2010,15 to 19 years,0,0
Spain,2010,ES2010,20 to 24 years,9430,15406
Spain,2010,ES2010,25 to 29 years,18222,20020
Spain,2010,ES2010,30 to 34 years,21503,22126
Spain,2010,ES2010,35 to 39 years,23375,20011
Spain,2010,ES2010,40 to 44 years,20852,18480
Spain,2010,ES2010,45 to 49 years,20003,20097
Spain,2010,ES2010,50 to 54 years,18986,22313
Spain,2010,ES2010,55 to 59 years,14672,22962
Spain,2010,ES2010,60 to 64 years,13579,20437
Spain,2010,ES2010,65 to 69 years,12710,19158
Spain,2010,ES2010,70 to 74 years,13016,16004
Spain,2010,ES2010,75 to 79 years,12086,15133
Spain,2010,ES2010,80 years and over,11435,14669
Spain,1980,ES1980,14 and Under,0,0
Spain,1980,ES1980,15 to 19 years,0,8798
Spain,1980,ES1980,20 to 24 years,0,12161
Spain,1980,ES1980,25 to 29 years,20651,12833
Spain,1980,ES1980,30 to 34 years,18365,12031
Spain,1980,ES1980,35 to 39 years,17428,11469
Spain,1980,ES1980,40 to 44 years,13159,11070
Spain,1980,ES1980,45 to 49 years,13118,11820
Spain,1980,ES1980,50 to 54 years,12368,12143
Spain,1980,ES1980,55 to 59 years,8245,12118
Spain,1980,ES1980,60 to 64 years,7496,10614
Spain,1980,ES1980,65 to 69 years,7320,9490
Spain,1980,ES1980,70 to 74 years,7178,8017
Spain,1980,ES1980,75 to 79 years,6746,7420
Spain,1980,ES1980,80 years and over,6244,6730
Spain,1990,ES1990,14 and Under,0,0
Spain,1990,ES1990,15 to 19 years,0,7903
Spain,1990,ES1990,20 to 24 years,0,13259
Spain,1990,ES1990,25 to 29 years,21022,14057
Spain,1990,ES1990,30 to 34 years,22322,13871
Spain,1990,ES1990,35 to 39 years,22834,13453
Spain,1990,ES1990,40 to 44 years,20774,13552
Spain,1990,ES1990,45 to 49 years,11427,14531
Spain,1990,ES1990,50 to 54 years,15411,15669
Spain,1990,ES1990,55 to 59 years,9695,15405
Spain,1990,ES1990,60 to 64 years,9154,13650
Spain,1990,ES1990,65 to 69 years,9068,13101
Spain,1990,ES1990,70 to 74 years,9091,11616
Spain,1990,ES1990,75 to 79 years,8139,11273
Spain,1990,ES1990,80 years and over,8334,9934
Spain,1995,ES1995,14 and Under,0,0
Spain,1995,ES1995,15 to 19 years,0,0
Spain,1995,ES1995,20 to 24 years,0,13773
Spain,1995,ES1995,25 to 29 years,16798,16313
Spain,1995,ES1995,30 to 34 years,21487,15778
Spain,1995,ES1995,35 to 39 years,29120,16128
Spain,1995,ES1995,40 to 44 years,0,17205
Spain,1995,ES1995,45 to 49 years,0,16863
Spain,1995,ES1995,50 to 54 years,25424,18114
Spain,1995,ES1995,55 to 59 years,14776,16430
Spain,1995,ES1995,60 to 64 years,9045,15120
Spain,1995,ES1995,65 to 69 years,10229,13290
Spain,1995,ES1995,70 to 74 years,9212,13493
Spain,1995,ES1995,75 to 79 years,9715,13764
Spain,1995,ES1995,80 years and over,8950,12933
France,2000,FR2000,14 and Under,0,0
France,2000,FR2000,15 to 19 years,5757,0
France,2000,FR2000,20 to 24 years,12617,16546
France,2000,FR2000,25 to 29 years,17223,20899
France,2000,FR2000,30 to 34 years,19373,20458
France,2000,FR2000,35 to 39 years,20906,20641
France,2000,FR2000,40 to 44 years,25437,22361
France,2000,FR2000,45 to 49 years,21870,24728
France,2000,FR2000,50 to 54 years,19702,26797
France,2000,FR2000,55 to 59 years,19005,25573
France,2000,FR2000,60 to 64 years,17035,22380
France,2000,FR2000,65 to 69 years,17067,21192
France,2000,FR2000,70 to 74 years,17135,19457
France,2000,FR2000,75 to 79 years,16179,19713
France,2000,FR2000,80 years and over,17036,19765
France,2005,FR2005,14 and Under,0,0
France,2005,FR2005,15 to 19 years,7499,12657
France,2005,FR2005,20 to 24 years,12359,18285
France,2005,FR2005,25 to 29 years,19838,21582
France,2005,FR2005,30 to 34 years,20709,21687
France,2005,FR2005,35 to 39 years,20864,21138
France,2005,FR2005,40 to 44 years,20854,22099
France,2005,FR2005,45 to 49 years,20942,23932
France,2005,FR2005,50 to 54 years,21485,26815
France,2005,FR2005,55 to 59 years,22547,26657
France,2005,FR2005,60 to 64 years,17355,24341
France,2005,FR2005,65 to 69 years,18921,23046
France,2005,FR2005,70 to 74 years,18028,21881
France,2005,FR2005,75 to 79 years,17120,22782
France,2005,FR2005,80 years and over,17611,21273
France,2010,FR2010,14 and Under,0,0
France,2010,FR2010,15 to 19 years,8216,15142
France,2010,FR2010,20 to 24 years,15905,19562
France,2010,FR2010,25 to 29 years,21686,25000
France,2010,FR2010,30 to 34 years,25359,25841
France,2010,FR2010,35 to 39 years,22705,26064
France,2010,FR2010,40 to 44 years,22107,26099
France,2010,FR2010,45 to 49 years,23280,26682
France,2010,FR2010,50 to 54 years,21917,29630
France,2010,FR2010,55 to 59 years,23251,28909
France,2010,FR2010,60 to 64 years,20638,28636
France,2010,FR2010,65 to 69 years,21316,27331
France,2010,FR2010,70 to 74 years,20384,24043
France,2010,FR2010,75 to 79 years,19207,22301
France,2010,FR2010,80 years and over,19716,22639
France,1978,FR1978,14 and Under,0,0
France,1978,FR1978,15 to 19 years,0,16103
France,1978,FR1978,20 to 24 years,17942,20799
France,1978,FR1978,25 to 29 years,23589,20319
France,1978,FR1978,30 to 34 years,24325,20226
France,1978,FR1978,35 to 39 years,24671,20222
France,1978,FR1978,40 to 44 years,23946,20260
France,1978,FR1978,45 to 49 years,23290,20169
France,1978,FR1978,50 to 54 years,19612,20431
France,1978,FR1978,55 to 59 years,15996,20275
France,1978,FR1978,60 to 64 years,16562,17567
France,1978,FR1978,65 to 69 years,11943,15208
France,1978,FR1978,70 to 74 years,9856,14806
France,1978,FR1978,75 to 79 years,10351,15046
France,1978,FR1978,80 years and over,9341,13443
France,1984,FR1984,14 and Under,0,0
France,1984,FR1984,15 to 19 years,0,13417
France,1984,FR1984,20 to 24 years,16863,18389
France,1984,FR1984,25 to 29 years,19143,19217
France,1984,FR1984,30 to 34 years,21277,19005
France,1984,FR1984,35 to 39 years,23422,19666
France,1984,FR1984,40 to 44 years,21025,21025
France,1984,FR1984,45 to 49 years,19766,20511
France,1984,FR1984,50 to 54 years,17096,19974
France,1984,FR1984,55 to 59 years,14185,17782
France,1984,FR1984,60 to 64 years,14967,16910
France,1984,FR1984,65 to 69 years,14194,16540
France,1984,FR1984,70 to 74 years,12854,15120
France,1984,FR1984,75 to 79 years,11568,13945
France,1984,FR1984,80 years and over,11397,15279
France,1989,FR1989,14 and Under,0,0
France,1989,FR1989,15 to 19 years,0,0
France,1989,FR1989,20 to 24 years,16233,19054
France,1989,FR1989,25 to 29 years,19023,20127
France,1989,FR1989,30 to 34 years,20287,19094
France,1989,FR1989,35 to 39 years,21166,20151
France,1989,FR1989,40 to 44 years,20614,21819
France,1989,FR1989,45 to 49 years,21315,22615
France,1989,FR1989,50 to 54 years,17955,21905
France,1989,FR1989,55 to 59 years,17099,18754
France,1989,FR1989,60 to 64 years,13871,19308
France,1989,FR1989,65 to 69 years,14899,17962
France,1989,FR1989,70 to 74 years,13820,17140
France,1989,FR1989,75 to 79 years,12552,16498
France,1989,FR1989,80 years and over,11430,16168
France,1994,FR1994,14 and Under,0,0
France,1994,FR1994,15 to 19 years,6858,0
France,1994,FR1994,20 to 24 years,11101,16276
France,1994,FR1994,25 to 29 years,17729,19959
France,1994,FR1994,30 to 34 years,21322,21045
France,1994,FR1994,35 to 39 years,22261,21558
France,1994,FR1994,40 to 44 years,19769,22530
France,1994,FR1994,45 to 49 years,22579,25597
France,1994,FR1994,50 to 54 years,20723,26163
France,1994,FR1994,55 to 59 years,17855,23184
France,1994,FR1994,60 to 64 years,17671,20572
France,1994,FR1994,65 to 69 years,16803,21237
France,1994,FR1994,70 to 74 years,15564,20885
France,1994,FR1994,75 to 79 years,15649,20975
France,1994,FR1994,80 years and over,15412,17992
Italy,2000,IT2000,14 and Under,0,0
Italy,2000,IT2000,15 to 19 years,0,0
Italy,2000,IT2000,20 to 24 years,0,14888
Italy,2000,IT2000,25 to 29 years,20155,18246
Italy,2000,IT2000,30 to 34 years,24274,17624
Italy,2000,IT2000,35 to 39 years,24175,17025
Italy,2000,IT2000,40 to 44 years,19924,18242
Italy,2000,IT2000,45 to 49 years,23109,21280
Italy,2000,IT2000,50 to 54 years,22327,22414
Italy,2000,IT2000,55 to 59 years,18695,22230
Italy,2000,IT2000,60 to 64 years,15576,20154
Italy,2000,IT2000,65 to 69 years,14505,18095
Italy,2000,IT2000,70 to 74 years,11397,15672
Italy,2000,IT2000,75 to 79 years,12433,15397
Italy,2000,IT2000,80 years and over,12433,14652
Italy,2004,IT2004,14 and Under,0,0
Italy,2004,IT2004,15 to 19 years,0,0
Italy,2004,IT2004,20 to 24 years,0,12834
Italy,2004,IT2004,25 to 29 years,19326,19744
Italy,2004,IT2004,30 to 34 years,22811,18080
Italy,2004,IT2004,35 to 39 years,25296,17528
Italy,2004,IT2004,40 to 44 years,25165,19768
Italy,2004,IT2004,45 to 49 years,21369,20395
Italy,2004,IT2004,50 to 54 years,20610,21994
Italy,2004,IT2004,55 to 59 years,21174,22931
Italy,2004,IT2004,60 to 64 years,19603,20681
Italy,2004,IT2004,65 to 69 years,16351,18699
Italy,2004,IT2004,70 to 74 years,13960,16790
Italy,2004,IT2004,75 to 79 years,12705,15582
Italy,2004,IT2004,80 years and over,12762,16067
Italy,2008,IT2008,14 and Under,0,0
Italy,2008,IT2008,15 to 19 years,0,0
Italy,2008,IT2008,20 to 24 years,0,11879
Italy,2008,IT2008,25 to 29 years,19110,14112
Italy,2008,IT2008,30 to 34 years,18418,18573
Italy,2008,IT2008,35 to 39 years,22900,18891
Italy,2008,IT2008,40 to 44 years,23183,18636
Italy,2008,IT2008,45 to 49 years,24536,20137
Italy,2008,IT2008,50 to 54 years,21765,24242
Italy,2008,IT2008,55 to 59 years,20448,24588
Italy,2008,IT2008,60 to 64 years,16129,23422
Italy,2008,IT2008,65 to 69 years,16022,21854
Italy,2008,IT2008,70 to 74 years,14269,18517
Italy,2008,IT2008,75 to 79 years,14078,16648
Italy,2008,IT2008,80 years and over,13632,16488
Italy,2010,IT2010,14 and Under,0,0
Italy,2010,IT2010,15 to 19 years,0,0
Italy,2010,IT2010,20 to 24 years,0,11518
Italy,2010,IT2010,25 to 29 years,20799,15841
Italy,2010,IT2010,30 to 34 years,18685,17048
Italy,2010,IT2010,35 to 39 years,22456,17665
Italy,2010,IT2010,40 to 44 years,19427,18369
Italy,2010,IT2010,45 to 49 years,22495,19420
Italy,2010,IT2010,50 to 54 years,20025,21838
Italy,2010,IT2010,55 to 59 years,20970,23527
Italy,2010,IT2010,60 to 64 years,21785,24059
Italy,2010,IT2010,65 to 69 years,16251,20615
Italy,2010,IT2010,70 to 74 years,14571,18848
Italy,2010,IT2010,75 to 79 years,14609,17471
Italy,2010,IT2010,80 years and over,13777,15649
Italy,1986,IT1986,14 and Under,0,0
Italy,1986,IT1986,15 to 19 years,0,0
Italy,1986,IT1986,20 to 24 years,0,11061
Italy,1986,IT1986,25 to 29 years,18586,15270
Italy,1986,IT1986,30 to 34 years,23161,16261
Italy,1986,IT1986,35 to 39 years,21445,16377
Italy,1986,IT1986,40 to 44 years,21445,16432
Italy,1986,IT1986,45 to 49 years,0,16634
Italy,1986,IT1986,50 to 54 years,14869,17004
Italy,1986,IT1986,55 to 59 years,14440,16276
Italy,1986,IT1986,60 to 64 years,11866,14797
Italy,1986,IT1986,65 to 69 years,11866,15270
Italy,1986,IT1986,70 to 74 years,10151,13142
Italy,1986,IT1986,75 to 79 years,8864,11525
Italy,1986,IT1986,80 years and over,9293,11636
Italy,1987,IT1987,14 and Under,0,0
Italy,1987,IT1987,15 to 19 years,0,0
Italy,1987,IT1987,20 to 24 years,0,13432
Italy,1987,IT1987,25 to 29 years,26683,15572
Italy,1987,IT1987,30 to 34 years,17786,16655
Italy,1987,IT1987,35 to 39 years,29063,17334
Italy,1987,IT1987,40 to 44 years,38725,16552
Italy,1987,IT1987,45 to 49 years,0,17522
Italy,1987,IT1987,50 to 54 years,15169,19367
Italy,1987,IT1987,55 to 59 years,9415,18121
Italy,1987,IT1987,60 to 64 years,11669,16570
Italy,1987,IT1987,65 to 69 years,12534,15955
Italy,1987,IT1987,70 to 74 years,11530,14334
Italy,1987,IT1987,75 to 79 years,10385,13331
Italy,1987,IT1987,80 years and over,9228,11635
Italy,1989,IT1989,14 and Under,0,0
Italy,1989,IT1989,15 to 19 years,0,0
Italy,1989,IT1989,20 to 24 years,19562,16941
Italy,1989,IT1989,25 to 29 years,22337,18426
Italy,1989,IT1989,30 to 34 years,23767,18897
Italy,1989,IT1989,35 to 39 years,27501,18470
Italy,1989,IT1989,40 to 44 years,27236,19409
Italy,1989,IT1989,45 to 49 years,23229,21007
Italy,1989,IT1989,50 to 54 years,18109,20748
Italy,1989,IT1989,55 to 59 years,13727,19884
Italy,1989,IT1989,60 to 64 years,13243,18189
Italy,1989,IT1989,65 to 69 years,13903,16682
Italy,1989,IT1989,70 to 74 years,12238,14334
Italy,1989,IT1989,75 to 79 years,10681,14390
Italy,1989,IT1989,80 years and over,10566,13561
Italy,1991,IT1991,14 and Under,0,0
Italy,1991,IT1991,15 to 19 years,0,0
Italy,1991,IT1991,20 to 24 years,0,14970
Italy,1991,IT1991,25 to 29 years,22838,17326
Italy,1991,IT1991,30 to 34 years,27000,18440
Italy,1991,IT1991,35 to 39 years,26563,19392
Italy,1991,IT1991,40 to 44 years,25920,19619
Italy,1991,IT1991,45 to 49 years,25114,20370
Italy,1991,IT1991,50 to 54 years,22472,20929
Italy,1991,IT1991,55 to 59 years,18729,20897
Italy,1991,IT1991,60 to 64 years,14261,19532
Italy,1991,IT1991,65 to 69 years,12636,17384
Italy,1991,IT1991,70 to 74 years,12862,16157
Italy,1991,IT1991,75 to 79 years,11232,17182
Italy,1991,IT1991,80 years and over,10053,16157
Italy,1993,IT1993,14 and Under,0,0
Italy,1993,IT1993,15 to 19 years,0,0
Italy,1993,IT1993,20 to 24 years,0,15838
Italy,1993,IT1993,25 to 29 years,19735,17283
Italy,1993,IT1993,30 to 34 years,23368,17112
Italy,1993,IT1993,35 to 39 years,24396,18053
Italy,1993,IT1993,40 to 44 years,20773,19152
Italy,1993,IT1993,45 to 49 years,24705,18791
Italy,1993,IT1993,50 to 54 years,20215,20587
Italy,1993,IT1993,55 to 59 years,15473,19136
Italy,1993,IT1993,60 to 64 years,10126,17700
Italy,1993,IT1993,65 to 69 years,11510,17548
Italy,1993,IT1993,70 to 74 years,10887,16054
Italy,1993,IT1993,75 to 79 years,10340,14695
Italy,1993,IT1993,80 years and over,9080,13521
Italy,1995,IT1995,14 and Under,0,0
Italy,1995,IT1995,15 to 19 years,0,0
Italy,1995,IT1995,20 to 24 years,0,14362
Italy,1995,IT1995,25 to 29 years,18955,17399
Italy,1995,IT1995,30 to 34 years,21101,16709
Italy,1995,IT1995,35 to 39 years,19060,15885
Italy,1995,IT1995,40 to 44 years,22558,17446
Italy,1995,IT1995,45 to 49 years,23288,18786
Italy,1995,IT1995,50 to 54 years,22829,19761
Italy,1995,IT1995,55 to 59 years,16792,19451
Italy,1995,IT1995,60 to 64 years,11666,18371
Italy,1995,IT1995,65 to 69 years,12162,17030
Italy,1995,IT1995,70 to 74 years,11776,15643
Italy,1995,IT1995,75 to 79 years,11139,15404
Italy,1995,IT1995,80 years and over,10464,13068
Italy,1998,IT1998,14 and Under,0,0
Italy,1998,IT1998,15 to 19 years,0,0
Italy,1998,IT1998,20 to 24 years,0,13766
Italy,1998,IT1998,25 to 29 years,19286,16776
Italy,1998,IT1998,30 to 34 years,20786,17098
Italy,1998,IT1998,35 to 39 years,20299,17327
Italy,1998,IT1998,40 to 44 years,28579,18948
Italy,1998,IT1998,45 to 49 years,20861,20788
Italy,1998,IT1998,50 to 54 years,17450,21955
Italy,1998,IT1998,55 to 59 years,15949,21493
Italy,1998,IT1998,60 to 64 years,14784,19166
Italy,1998,IT1998,65 to 69 years,10174,17002
Italy,1998,IT1998,70 to 74 years,11877,16390
Italy,1998,IT1998,75 to 79 years,11877,14736
Italy,1998,IT1998,80 years and over,12429,14777
Norway,2000,NO2000,14 and Under,0,0
Norway,2000,NO2000,15 to 19 years,7037,15461
Norway,2000,NO2000,20 to 24 years,12734,21238
Norway,2000,NO2000,25 to 29 years,21660,25828
Norway,2000,NO2000,30 to 34 years,25280,26253
Norway,2000,NO2000,35 to 39 years,25360,25672
Norway,2000,NO2000,40 to 44 years,24885,27836
Norway,2000,NO2000,45 to 49 years,23601,31298
Norway,2000,NO2000,50 to 54 years,22026,32205
Norway,2000,NO2000,55 to 59 years,21362,32487
Norway,2000,NO2000,60 to 64 years,17436,27988
Norway,2000,NO2000,65 to 69 years,16463,24690
Norway,2000,NO2000,70 to 74 years,15725,21456
Norway,2000,NO2000,75 to 79 years,14659,19634
Norway,2000,NO2000,80 years and over,13378,18483
Norway,2004,NO2004,14 and Under,0,0
Norway,2004,NO2004,15 to 19 years,7049,15053
Norway,2004,NO2004,20 to 24 years,11854,21863
Norway,2004,NO2004,25 to 29 years,21013,26731
Norway,2004,NO2004,30 to 34 years,25775,28165
Norway,2004,NO2004,35 to 39 years,24665,28151
Norway,2004,NO2004,40 to 44 years,25729,29292
Norway,2004,NO2004,45 to 49 years,25769,32673
Norway,2004,NO2004,50 to 54 years,25597,35755
Norway,2004,NO2004,55 to 59 years,23850,35486
Norway,2004,NO2004,60 to 64 years,22047,32392
Norway,2004,NO2004,65 to 69 years,19604,27756
Norway,2004,NO2004,70 to 74 years,18698,25246
Norway,2004,NO2004,75 to 79 years,17757,23254
Norway,2004,NO2004,80 years and over,15287,21939
Norway,2007,NO2007,14 and Under,0,0
Norway,2007,NO2007,15 to 19 years,8770,19618
Norway,2007,NO2007,20 to 24 years,12489,27104
Norway,2007,NO2007,25 to 29 years,23309,31599
Norway,2007,NO2007,30 to 34 years,28717,32462
Norway,2007,NO2007,35 to 39 years,29078,32442
Norway,2007,NO2007,40 to 44 years,28408,33871
Norway,2007,NO2007,45 to 49 years,27698,37126
Norway,2007,NO2007,50 to 54 years,27196,40167
Norway,2007,NO2007,55 to 59 years,26679,40346
Norway,2007,NO2007,60 to 64 years,25535,37340
Norway,2007,NO2007,65 to 69 years,22761,31955
Norway,2007,NO2007,70 to 74 years,21029,28522
Norway,2007,NO2007,75 to 79 years,19466,26262
Norway,2007,NO2007,80 years and over,17792,24463
Norway,2010,NO2010,14 and Under,0,0
Norway,2010,NO2010,15 to 19 years,8100,16950
Norway,2010,NO2010,20 to 24 years,11913,26614
Norway,2010,NO2010,25 to 29 years,22881,31832
Norway,2010,NO2010,30 to 34 years,28695,33620
Norway,2010,NO2010,35 to 39 years,29303,33857
Norway,2010,NO2010,40 to 44 years,29032,35430
Norway,2010,NO2010,45 to 49 years,28669,38449
Norway,2010,NO2010,50 to 54 years,28030,41796
Norway,2010,NO2010,55 to 59 years,27527,42781
Norway,2010,NO2010,60 to 64 years,26413,39493
Norway,2010,NO2010,65 to 69 years,24384,35042
Norway,2010,NO2010,70 to 74 years,22669,31162
Norway,2010,NO2010,75 to 79 years,20945,28301
Norway,2010,NO2010,80 years and over,19325,26476
Norway,1979,NO1979,14 and Under,0,0
Norway,1979,NO1979,15 to 19 years,9451,10383
Norway,1979,NO1979,20 to 24 years,13717,14094
Norway,1979,NO1979,25 to 29 years,17137,15797
Norway,1979,NO1979,30 to 34 years,18903,16475
Norway,1979,NO1979,35 to 39 years,19086,17269
Norway,1979,NO1979,40 to 44 years,19307,17302
Norway,1979,NO1979,45 to 49 years,18277,17771
Norway,1979,NO1979,50 to 54 years,15556,18567
Norway,1979,NO1979,55 to 59 years,16402,18905
Norway,1979,NO1979,60 to 64 years,12945,18333
Norway,1979,NO1979,65 to 69 years,10886,15576
Norway,1979,NO1979,70 to 74 years,10150,12222
Norway,1979,NO1979,75 to 79 years,9341,11364
Norway,1979,NO1979,80 years and over,8532,11078
Norway,1986,NO1986,14 and Under,0,0
Norway,1986,NO1986,15 to 19 years,0,0
Norway,1986,NO1986,20 to 24 years,13588,16589
Norway,1986,NO1986,25 to 29 years,19368,20363
Norway,1986,NO1986,30 to 34 years,20838,20343
Norway,1986,NO1986,35 to 39 years,22379,21886
Norway,1986,NO1986,40 to 44 years,21887,24356
Norway,1986,NO1986,45 to 49 years,0,25412
Norway,1986,NO1986,50 to 54 years,18244,25998
Norway,1986,NO1986,55 to 59 years,18855,25688
Norway,1986,NO1986,60 to 64 years,14251,23774
Norway,1986,NO1986,65 to 69 years,13287,18983
Norway,1986,NO1986,70 to 74 years,11744,17360
Norway,1986,NO1986,75 to 79 years,10346,14206
Norway,1986,NO1986,80 years and over,10212,12716
Norway,1991,NO1991,14 and Under,0,0
Norway,1991,NO1991,15 to 19 years,0,0
Norway,1991,NO1991,20 to 24 years,14062,16275
Norway,1991,NO1991,25 to 29 years,20287,19858
Norway,1991,NO1991,30 to 34 years,21982,20703
Norway,1991,NO1991,35 to 39 years,22693,21957
Norway,1991,NO1991,40 to 44 years,21792,24169
Norway,1991,NO1991,45 to 49 years,21758,27456
Norway,1991,NO1991,50 to 54 years,20105,27822
Norway,1991,NO1991,55 to 59 years,17233,27211
Norway,1991,NO1991,60 to 64 years,16532,24000
Norway,1991,NO1991,65 to 69 years,15539,21238
Norway,1991,NO1991,70 to 74 years,13192,18595
Norway,1991,NO1991,75 to 79 years,12553,17156
Norway,1991,NO1991,80 years and over,11395,14664
Norway,1995,NO1995,14 and Under,0,0
Norway,1995,NO1995,15 to 19 years,0,0
Norway,1995,NO1995,20 to 24 years,9994,17634
Norway,1995,NO1995,25 to 29 years,16120,21023
Norway,1995,NO1995,30 to 34 years,21899,22550
Norway,1995,NO1995,35 to 39 years,22048,22126
Norway,1995,NO1995,40 to 44 years,20146,24175
Norway,1995,NO1995,45 to 49 years,20328,27105
Norway,1995,NO1995,50 to 54 years,20382,29030
Norway,1995,NO1995,55 to 59 years,21010,26841
Norway,1995,NO1995,60 to 64 years,15598,23308
Norway,1995,NO1995,65 to 69 years,15484,20936
Norway,1995,NO1995,70 to 74 years,13356,18018
Norway,1995,NO1995,75 to 79 years,12812,16641
Norway,1995,NO1995,80 years and over,11064,15710
Sweden,2000,SE2000,14 and Under,0,0
Sweden,2000,SE2000,15 to 19 years,4506,11996
Sweden,2000,SE2000,20 to 24 years,9991,17597
Sweden,2000,SE2000,25 to 29 years,17563,20260
Sweden,2000,SE2000,30 to 34 years,19015,20463
Sweden,2000,SE2000,35 to 39 years,18701,20706
Sweden,2000,SE2000,40 to 44 years,17977,21934
Sweden,2000,SE2000,45 to 49 years,18173,24821
Sweden,2000,SE2000,50 to 54 years,19024,27841
Sweden,2000,SE2000,55 to 59 years,19417,28589
Sweden,2000,SE2000,60 to 64 years,16995,25202
Sweden,2000,SE2000,65 to 69 years,14141,21439
Sweden,2000,SE2000,70 to 74 years,13201,18283
Sweden,2000,SE2000,75 to 79 years,12794,16609
Sweden,2000,SE2000,80 years and over,12083,15650
Sweden,2005,SE2005,14 and Under,0,0
Sweden,2005,SE2005,15 to 19 years,8777,13087
Sweden,2005,SE2005,20 to 24 years,14542,20900
Sweden,2005,SE2005,25 to 29 years,19485,23530
Sweden,2005,SE2005,30 to 34 years,21937,23699
Sweden,2005,SE2005,35 to 39 years,22863,24042
Sweden,2005,SE2005,40 to 44 years,22795,24902
Sweden,2005,SE2005,45 to 49 years,21313,27494
Sweden,2005,SE2005,50 to 54 years,21333,30555
Sweden,2005,SE2005,55 to 59 years,21286,31839
Sweden,2005,SE2005,60 to 64 years,20998,30590
Sweden,2005,SE2005,65 to 69 years,16629,24298
Sweden,2005,SE2005,70 to 74 years,14893,20622
Sweden,2005,SE2005,75 to 79 years,14277,19091
Sweden,2005,SE2005,80 years and over,13845,18081
Sweden,1981,SE1981,14 and Under,0,0
Sweden,1981,SE1981,15 to 19 years,7566,0
Sweden,1981,SE1981,20 to 24 years,13394,18038
Sweden,1981,SE1981,25 to 29 years,14431,16998
Sweden,1981,SE1981,30 to 34 years,15408,15331
Sweden,1981,SE1981,35 to 39 years,15835,15835
Sweden,1981,SE1981,40 to 44 years,16506,16840
Sweden,1981,SE1981,45 to 49 years,16475,18231
Sweden,1981,SE1981,50 to 54 years,14553,18187
Sweden,1981,SE1981,55 to 59 years,15102,18273
Sweden,1981,SE1981,60 to 64 years,13180,16871
Sweden,1981,SE1981,65 to 69 years,11777,14368
Sweden,1981,SE1981,70 to 74 years,11045,12513
Sweden,1981,SE1981,75 to 79 years,10312,11693
Sweden,1981,SE1981,80 years and over,9794,11197
Sweden,1987,SE1987,14 and Under,0,0
Sweden,1987,SE1987,15 to 19 years,5734,15291
Sweden,1987,SE1987,20 to 24 years,12738,17970
Sweden,1987,SE1987,25 to 29 years,14765,17203
Sweden,1987,SE1987,30 to 34 years,15707,16653
Sweden,1987,SE1987,35 to 39 years,16280,17699
Sweden,1987,SE1987,40 to 44 years,16055,19000
Sweden,1987,SE1987,45 to 49 years,15113,21040
Sweden,1987,SE1987,50 to 54 years,15768,21128
Sweden,1987,SE1987,55 to 59 years,14806,20403
Sweden,1987,SE1987,60 to 64 years,13352,18144
Sweden,1987,SE1987,65 to 69 years,11591,15509
Sweden,1987,SE1987,70 to 74 years,10321,13641
Sweden,1987,SE1987,75 to 79 years,10137,12236
Sweden,1987,SE1987,80 years and over,9318,11020
Sweden,1992,SE1992,14 and Under,0,0
Sweden,1992,SE1992,15 to 19 years,4596,14751
Sweden,1992,SE1992,20 to 24 years,12855,18812
Sweden,1992,SE1992,25 to 29 years,16949,19581
Sweden,1992,SE1992,30 to 34 years,17441,19396
Sweden,1992,SE1992,35 to 39 years,17983,20150
Sweden,1992,SE1992,40 to 44 years,17534,21929
Sweden,1992,SE1992,45 to 49 years,19674,24490
Sweden,1992,SE1992,50 to 54 years,17672,25538
Sweden,1992,SE1992,55 to 59 years,18425,25327
Sweden,1992,SE1992,60 to 64 years,16644,22594
Sweden,1992,SE1992,65 to 69 years,14289,18854
Sweden,1992,SE1992,70 to 74 years,12516,17302
Sweden,1992,SE1992,75 to 79 years,11963,15202
Sweden,1992,SE1992,80 years and over,10844,12855
Sweden,1995,SE1995,14 and Under,0,0
Sweden,1995,SE1995,15 to 19 years,3038,11788
Sweden,1995,SE1995,20 to 24 years,10421,16190
Sweden,1995,SE1995,25 to 29 years,14788,18154
Sweden,1995,SE1995,30 to 34 years,16127,17982
Sweden,1995,SE1995,35 to 39 years,16738,17922
Sweden,1995,SE1995,40 to 44 years,16552,19531
Sweden,1995,SE1995,45 to 49 years,17232,22398
Sweden,1995,SE1995,50 to 54 years,17639,24007
Sweden,1995,SE1995,55 to 59 years,16776,23050
Sweden,1995,SE1995,60 to 64 years,16303,21192
Sweden,1995,SE1995,65 to 69 years,14631,18246
Sweden,1995,SE1995,70 to 74 years,13878,16572
Sweden,1995,SE1995,75 to 79 years,13522,15937
Sweden,1995,SE1995,80 years and over,13351,14347
United Kingdom,2004,UK2004,14 and Under,0,0
United Kingdom,2004,UK2004,15 to 19 years,10789,14206
United Kingdom,2004,UK2004,20 to 24 years,15817,21496
United Kingdom,2004,UK2004,25 to 29 years,23340,25699
United Kingdom,2004,UK2004,30 to 34 years,25673,24702
United Kingdom,2004,UK2004,35 to 39 years,25539,23749
United Kingdom,2004,UK2004,40 to 44 years,21667,25524
United Kingdom,2004,UK2004,45 to 49 years,21107,28774
United Kingdom,2004,UK2004,50 to 54 years,18453,30022
United Kingdom,2004,UK2004,55 to 59 years,17374,26876
United Kingdom,2004,UK2004,60 to 64 years,15356,22312
United Kingdom,2004,UK2004,65 to 69 years,14645,18978
United Kingdom,2004,UK2004,70 to 74 years,14476,18104
United Kingdom,2004,UK2004,75 to 79 years,14408,16086
United Kingdom,2004,UK2004,80 years and over,14367,16200
United Kingdom,2007,UK2007,14 and Under,0,0
United Kingdom,2007,UK2007,15 to 19 years,0,14678
United Kingdom,2007,UK2007,20 to 24 years,17366,20969
United Kingdom,2007,UK2007,25 to 29 years,23445,28595
United Kingdom,2007,UK2007,30 to 34 years,27933,27102
United Kingdom,2007,UK2007,35 to 39 years,26364,25562
United Kingdom,2007,UK2007,40 to 44 years,24162,27498
United Kingdom,2007,UK2007,45 to 49 years,22230,29562
United Kingdom,2007,UK2007,50 to 54 years,19138,31196
United Kingdom,2007,UK2007,55 to 59 years,18024,28912
United Kingdom,2007,UK2007,60 to 64 years,16942,24400
United Kingdom,2007,UK2007,65 to 69 years,17029,21483
United Kingdom,2007,UK2007,70 to 74 years,17004,19781
United Kingdom,2007,UK2007,75 to 79 years,15832,19423
United Kingdom,2007,UK2007,80 years and over,16166,19139
United Kingdom,2010,UK2010,14 and Under,0,0
United Kingdom,2010,UK2010,15 to 19 years,9406,12837
United Kingdom,2010,UK2010,20 to 24 years,15667,18759
United Kingdom,2010,UK2010,25 to 29 years,21896,24022
United Kingdom,2010,UK2010,30 to 34 years,26334,25651
United Kingdom,2010,UK2010,35 to 39 years,25795,25795
United Kingdom,2010,UK2010,40 to 44 years,20687,25980
United Kingdom,2010,UK2010,45 to 49 years,21560,28231
United Kingdom,2010,UK2010,50 to 54 years,20220,29935
United Kingdom,2010,UK2010,55 to 59 years,17831,27989
United Kingdom,2010,UK2010,60 to 64 years,17914,25436
United Kingdom,2010,UK2010,65 to 69 years,18203,22584
United Kingdom,2010,UK2010,70 to 74 years,17700,20710
United Kingdom,2010,UK2010,75 to 79 years,17113,19536
United Kingdom,2010,UK2010,80 years and over,17207,19358
United Kingdom,1979,UK1979,14 and Under,0,0
United Kingdom,1979,UK1979,15 to 19 years,0,14473
United Kingdom,1979,UK1979,20 to 24 years,13011,13629
United Kingdom,1979,UK1979,25 to 29 years,15842,14348
United Kingdom,1979,UK1979,30 to 34 years,18409,13590
United Kingdom,1979,UK1979,35 to 39 years,0,13971
United Kingdom,1979,UK1979,40 to 44 years,12715,16103
United Kingdom,1979,UK1979,45 to 49 years,13999,17795
United Kingdom,1979,UK1979,50 to 54 years,13952,17853
United Kingdom,1979,UK1979,55 to 59 years,11027,15255
United Kingdom,1979,UK1979,60 to 64 years,8591,12611
United Kingdom,1979,UK1979,65 to 69 years,7171,9692
United Kingdom,1979,UK1979,70 to 74 years,7350,8645
United Kingdom,1979,UK1979,75 to 79 years,7020,7897
United Kingdom,1979,UK1979,80 years and over,6983,8628
United Kingdom,1986,UK1986,14 and Under,0,0
United Kingdom,1986,UK1986,15 to 19 years,0,10386
United Kingdom,1986,UK1986,20 to 24 years,11384,14194
United Kingdom,1986,UK1986,25 to 29 years,16264,14098
United Kingdom,1986,UK1986,30 to 34 years,17766,13739
United Kingdom,1986,UK1986,35 to 39 years,17083,14938
United Kingdom,1986,UK1986,40 to 44 years,16737,16494
United Kingdom,1986,UK1986,45 to 49 years,12769,17829
United Kingdom,1986,UK1986,50 to 54 years,11757,18680
United Kingdom,1986,UK1986,55 to 59 years,12919,16163
United Kingdom,1986,UK1986,60 to 64 years,9887,13349
United Kingdom,1986,UK1986,65 to 69 years,9449,11458
United Kingdom,1986,UK1986,70 to 74 years,8684,10370
United Kingdom,1986,UK1986,75 to 79 years,8801,9637
United Kingdom,1986,UK1986,80 years and over,8641,10632
United Kingdom,1991,UK1991,14 and Under,0,0
United Kingdom,1991,UK1991,15 to 19 years,0,8786
United Kingdom,1991,UK1991,20 to 24 years,12568,16359
United Kingdom,1991,UK1991,25 to 29 years,19642,17754
United Kingdom,1991,UK1991,30 to 34 years,21695,16518
United Kingdom,1991,UK1991,35 to 39 years,20350,16920
United Kingdom,1991,UK1991,40 to 44 years,15659,19735
United Kingdom,1991,UK1991,45 to 49 years,14989,21858
United Kingdom,1991,UK1991,50 to 54 years,13277,20632
United Kingdom,1991,UK1991,55 to 59 years,11263,18861
United Kingdom,1991,UK1991,60 to 64 years,10382,16410
United Kingdom,1991,UK1991,65 to 69 years,9130,12611
United Kingdom,1991,UK1991,70 to 74 years,8360,11724
United Kingdom,1991,UK1991,75 to 79 years,8146,10637
United Kingdom,1991,UK1991,80 years and over,8636,10464
United Kingdom,1994,UK1994,14 and Under,0,0
United Kingdom,1994,UK1994,15 to 19 years,8472,9569
United Kingdom,1994,UK1994,20 to 24 years,12399,13776
United Kingdom,1994,UK1994,25 to 29 years,18825,17738
United Kingdom,1994,UK1994,30 to 34 years,18902,16943
United Kingdom,1994,UK1994,35 to 39 years,19890,17304
United Kingdom,1994,UK1994,40 to 44 years,16213,20124
United Kingdom,1994,UK1994,45 to 49 years,16505,22864
United Kingdom,1994,UK1994,50 to 54 years,13332,22394
United Kingdom,1994,UK1994,55 to 59 years,12420,19355
United Kingdom,1994,UK1994,60 to 64 years,11658,16160
United Kingdom,1994,UK1994,65 to 69 years,10531,14572
United Kingdom,1994,UK1994,70 to 74 years,10102,12856
United Kingdom,1994,UK1994,75 to 79 years,10074,12112
United Kingdom,1994,UK1994,80 years and over,9883,11961
United Kingdom,1995,UK1995,14 and Under,0,0
United Kingdom,1995,UK1995,15 to 19 years,0,9410
United Kingdom,1995,UK1995,20 to 24 years,14766,13861
United Kingdom,1995,UK1995,25 to 29 years,17869,17036
United Kingdom,1995,UK1995,30 to 34 years,21598,16652
United Kingdom,1995,UK1995,35 to 39 years,18281,17049
United Kingdom,1995,UK1995,40 to 44 years,14706,19883
United Kingdom,1995,UK1995,45 to 49 years,16264,22983
United Kingdom,1995,UK1995,50 to 54 years,13651,21696
United Kingdom,1995,UK1995,55 to 59 years,12174,19621
United Kingdom,1995,UK1995,60 to 64 years,11590,16010
United Kingdom,1995,UK1995,65 to 69 years,11035,14921
United Kingdom,1995,UK1995,70 to 74 years,9870,12150
United Kingdom,1995,UK1995,75 to 79 years,9712,11755
United Kingdom,1995,UK1995,80 years and over,10131,11059
United Kingdom,1999,UK1999,14 and Under,0,0
United Kingdom,1999,UK1999,15 to 19 years,7360,11423
United Kingdom,1999,UK1999,20 to 24 years,12431,15210
United Kingdom,1999,UK1999,25 to 29 years,20392,21350
United Kingdom,1999,UK1999,30 to 34 years,21758,20244
United Kingdom,1999,UK1999,35 to 39 years,22894,20467
United Kingdom,1999,UK1999,40 to 44 years,19186,21600
United Kingdom,1999,UK1999,45 to 49 years,17776,25309
United Kingdom,1999,UK1999,50 to 54 years,16059,25705
United Kingdom,1999,UK1999,55 to 59 years,14473,22269
United Kingdom,1999,UK1999,60 to 64 years,12361,18121
United Kingdom,1999,UK1999,65 to 69 years,11689,16156
United Kingdom,1999,UK1999,70 to 74 years,11218,14028
United Kingdom,1999,UK1999,75 to 79 years,11024,13504
United Kingdom,1999,UK1999,80 years and over,11303,13044
United States,2000,US2000,14 and Under,0,0
United States,2000,US2000,15 to 19 years,13204,18363
United States,2000,US2000,20 to 24 years,21296,22679
United States,2000,US2000,25 to 29 years,30530,29505
United States,2000,US2000,30 to 34 years,33972,31845
United States,2000,US2000,35 to 39 years,35397,33637
United States,2000,US2000,40 to 44 years,32621,36998
United States,2000,US2000,45 to 49 years,31787,40613
United States,2000,US2000,50 to 54 years,31217,44224
United States,2000,US2000,55 to 59 years,30560,41219
United States,2000,US2000,60 to 64 years,22941,36150
United States,2000,US2000,65 to 69 years,21390,31662
United States,2000,US2000,70 to 74 years,18247,28160
United States,2000,US2000,75 to 79 years,17930,26179
United States,2000,US2000,80 years and over,16806,24807
United States,2004,US2004,14 and Under,0,0
United States,2004,US2004,15 to 19 years,10468,18664
United States,2004,US2004,20 to 24 years,19459,22585
United States,2004,US2004,25 to 29 years,29927,29242
United States,2004,US2004,30 to 34 years,31857,32084
United States,2004,US2004,35 to 39 years,33120,34346
United States,2004,US2004,40 to 44 years,31921,37550
United States,2004,US2004,45 to 49 years,30690,40555
United States,2004,US2004,50 to 54 years,29027,43945
United States,2004,US2004,55 to 59 years,28379,42918
United States,2004,US2004,60 to 64 years,24813,38172
United States,2004,US2004,65 to 69 years,20688,32878
United States,2004,US2004,70 to 74 years,18181,28883
United States,2004,US2004,75 to 79 years,17595,25458
United States,2004,US2004,80 years and over,16843,24378
United States,2007,US2007,14 and Under,0,0
United States,2007,US2007,15 to 19 years,15163,19854
United States,2007,US2007,20 to 24 years,20464,23434
United States,2007,US2007,25 to 29 years,28991,30524
United States,2007,US2007,30 to 34 years,32727,33084
United States,2007,US2007,35 to 39 years,35233,35629
United States,2007,US2007,40 to 44 years,31990,37193
United States,2007,US2007,45 to 49 years,30226,39777
United States,2007,US2007,50 to 54 years,30144,43082
United States,2007,US2007,55 to 59 years,29869,44114
United States,2007,US2007,60 to 64 years,25001,40490
United States,2007,US2007,65 to 69 years,22004,34931
United States,2007,US2007,70 to 74 years,19378,30202
United States,2007,US2007,75 to 79 years,17490,26688
United States,2007,US2007,80 years and over,17490,24246
United States,2010,US2010,14 and Under,0,0
United States,2010,US2010,15 to 19 years,8193,16303
United States,2010,US2010,20 to 24 years,18254,21364
United States,2010,US2010,25 to 29 years,27757,28974
United States,2010,US2010,30 to 34 years,32291,31647
United States,2010,US2010,35 to 39 years,32717,34211
United States,2010,US2010,40 to 44 years,31136,36276
United States,2010,US2010,45 to 49 years,28743,39022
United States,2010,US2010,50 to 54 years,27551,41390
United States,2010,US2010,55 to 59 years,26229,43431
United States,2010,US2010,60 to 64 years,25107,40230
United States,2010,US2010,65 to 69 years,24097,36478
United States,2010,US2010,70 to 74 years,20065,31145
United States,2010,US2010,75 to 79 years,18960,27667
United States,2010,US2010,80 years and over,17905,25437
United States,2013,US2013,14 and Under,0,0
United States,2013,US2013,15 to 19 years,0,20528
United States,2013,US2013,20 to 24 years,16777,22588
United States,2013,US2013,25 to 29 years,28224,28093
United States,2013,US2013,30 to 34 years,28904,31749
United States,2013,US2013,35 to 39 years,30118,32338
United States,2013,US2013,40 to 44 years,30237,35253
United States,2013,US2013,45 to 49 years,30237,37991
United States,2013,US2013,50 to 54 years,27317,39027
United States,2013,US2013,55 to 59 years,24523,40996
United States,2013,US2013,60 to 64 years,24240,38830
United States,2013,US2013,65 to 69 years,23940,37610
United States,2013,US2013,70 to 74 years,21720,33238
United States,2013,US2013,75 to 79 years,18346,29278
United States,2013,US2013,80 years and over,17437,26488
United States,1979,US1979,14 and Under,0,0
United States,1979,US1979,15 to 19 years,14037,18787
United States,1979,US1979,20 to 24 years,22084,24753
United States,1979,US1979,25 to 29 years,29638,27700
United States,1979,US1979,30 to 34 years,33961,28542
United States,1979,US1979,35 to 39 years,34863,29661
United States,1979,US1979,40 to 44 years,32105,32254
United States,1979,US1979,45 to 49 years,29304,35219
United States,1979,US1979,50 to 54 years,24299,36214
United States,1979,US1979,55 to 59 years,23705,35811
United States,1979,US1979,60 to 64 years,18071,31645
United States,1979,US1979,65 to 69 years,15973,25837
United States,1979,US1979,70 to 74 years,15019,22487
United States,1979,US1979,75 to 79 years,14027,20521
United States,1979,US1979,80 years and over,13020,18747
United States,1986,US1986,14 and Under,0,0
United States,1986,US1986,15 to 19 years,7982,14301
United States,1986,US1986,20 to 24 years,20117,21383
United States,1986,US1986,25 to 29 years,28786,26793
United States,1986,US1986,30 to 34 years,32610,27936
United States,1986,US1986,35 to 39 years,35588,30421
United States,1986,US1986,40 to 44 years,33252,34177
United States,1986,US1986,45 to 49 years,30718,37146
United States,1986,US1986,50 to 54 years,25659,37780
United States,1986,US1986,55 to 59 years,22592,35161
United States,1986,US1986,60 to 64 years,20731,32876
United States,1986,US1986,65 to 69 years,19405,29428
United States,1986,US1986,70 to 74 years,16620,26918
United States,1986,US1986,75 to 79 years,15430,24671
United States,1986,US1986,80 years and over,14908,21137
United States,1991,US1991,14 and Under,0,0
United States,1991,US1991,15 to 19 years,12021,13124
United States,1991,US1991,20 to 24 years,18802,19940
United States,1991,US1991,25 to 29 years,29146,26735
United States,1991,US1991,30 to 34 years,32354,27419
United States,1991,US1991,35 to 39 years,32658,30288
United States,1991,US1991,40 to 44 years,32493,34385
United States,1991,US1991,45 to 49 years,31160,38643
United States,1991,US1991,50 to 54 years,28405,39079
United States,1991,US1991,55 to 59 years,23964,36821
United States,1991,US1991,60 to 64 years,20840,32854
United States,1991,US1991,65 to 69 years,19392,29316
United States,1991,US1991,70 to 74 years,17367,27087
United States,1991,US1991,75 to 79 years,16779,25349
United States,1991,US1991,80 years and over,15382,23161
United States,1994,US1994,14 and Under,0,0
United States,1994,US1994,15 to 19 years,10014,14387
United States,1994,US1994,20 to 24 years,18444,19612
United States,1994,US1994,25 to 29 years,26885,25960
United States,1994,US1994,30 to 34 years,31809,27931
United States,1994,US1994,35 to 39 years,34254,30710
United States,1994,US1994,40 to 44 years,30996,33662
United States,1994,US1994,45 to 49 years,29920,39135
United States,1994,US1994,50 to 54 years,27449,40396
United States,1994,US1994,55 to 59 years,25879,37038
United States,1994,US1994,60 to 64 years,19447,32516
United States,1994,US1994,65 to 69 years,19875,29204
United States,1994,US1994,70 to 74 years,18475,26577
United States,1994,US1994,75 to 79 years,16895,25350
United States,1994,US1994,80 years and over,15414,21865
United States,1997,US1997,14 and Under,0,0
United States,1997,US1997,15 to 19 years,7936,15967
United States,1997,US1997,20 to 24 years,18856,20872
United States,1997,US1997,25 to 29 years,29603,27318
United States,1997,US1997,30 to 34 years,32821,29460
United States,1997,US1997,35 to 39 years,32038,30967
United States,1997,US1997,40 to 44 years,32740,34461
United States,1997,US1997,45 to 49 years,30476,38807
United States,1997,US1997,50 to 54 years,30327,41949
United States,1997,US1997,55 to 59 years,25252,39542
United States,1997,US1997,60 to 64 years,20845,35249
United States,1997,US1997,65 to 69 years,19992,31183
United States,1997,US1997,70 to 74 years,18737,28178
United States,1997,US1997,75 to 79 years,17368,26493
United States,1997,US1997,80 years and over,16696,23742
